sku,use_before,use_after,use_with,accessories,alternatives
22203.261.001,"MGPS-2019KH,MGPS-2019KM,Q2M-CCE","22029.261.001,22771.261.001,22911.261.001,22992.261.001","26900.223.003,26900.224.010,26900.224.011,26906.099.001,26913.099.001,26915.099.001",,
22984.260.001,"MGPS-2019KH,MGPS-2019KM,Q2M-CCE","22029.261.001,22771.261.001,22828.261.001,22911.261.001,22992.261.001","26900.223.003,26900.224.010,26900.224.011,26906.099.001,26913.099.001,26915.099.001",,
22930.261.001,"MGPS-2019KH,MGPS-2019KM,Q2M-CCE","22029.261.001,22771.261.001,22911.261.001,22992.261.001","26900.223.003,26900.224.010,26900.224.011,26906.099.001,26913.099.001,26915.099.001",,
14992.203.001,"MGPS-2019KH,MGPS-2019KM,Q2M-CCE","22029.261.001,22771.261.001,22911.261.001,22992.261.001","26900.223.003,26900.224.010,26900.224.011,26906.099.001,26913.099.001,26915.099.001",,
22771.261.001,"14992.203.001,22200.261.001,MGPS-2019KH,MGPS-2019KM,Q2M-CCE","22029.261.001,22911.261.001,22992.261.001,700405,MXP-CCN50KS,MXP-DPCN50KS","26900.223.003,26900.224.010,26900.224.011",,
22911.261.001,,"700405,79304,MXP-CCN50KS,MXP-DPCN50KS,Q2M-WCYA4000M","26900.223.003,26900.224.010,26900.224.011",,
22029.261.001,,"700405,79304,MXP-CCN50KS,MXP-DPCN50KS,Q2M-WCYA4000M","26900.223.003,26900.224.010,26900.224.011",,
22748.261.001,,"26919.271.001,700097,700405,75182,MXP-CCN50KS,MXP-DPCN50KS","26900.223.003,26900.224.010,26900.224.011",,
20144.261.001,,,,,
23003.391.001,,,SGGA081,,
Q2M-CMP1000M,"MGPS-2019KH,MGPS-2019KM,Q2M-CCE","22029.261.001,22771.261.001,22911.261.001,22992.261.001,Q2M-CM1000M,Q2M-CMPR1000M","26900.223.003,26900.224.010,26900.224.011,26906.099.001,26913.099.001,26915.099.001",,
Q2M-CMPR1000M,"MGPS-2019KH,MGPS-2019KM,Q2M-CCE","22029.261.001,22771.261.001,22911.261.001,22992.261.001","26900.223.003,26900.224.010,26900.224.011,26906.099.001,26913.099.001,26915.099.001",,
Q2M-CM1000M,"MGPS-2019KH,MGPS-2019KM,Q2M-CCE","22029.261.001,22771.261.001,22911.261.001,22992.261.001","26900.223.003,26900.224.010,26900.224.011,26906.099.001,26913.099.001,26915.099.001",,
Q2M-PO1000M,"14992.203.001,22200.261.001,MGPS-2019KH,MGPS-2019KM,Q2M-CCE","22029.261.001,22911.261.001,22992.261.001,700405,MXP-CCN50KS,MXP-DPCN50KS,Q2M-CM1000M,Q2M-CMP1000M,Q2M-CMPR1000M","26900.223.003,26900.224.010,26900.224.011",,
22200.261.001,"MGPS-2019KH,MGPS-2019KM,Q2M-CCE","22029.261.001,22771.261.001,22911.261.001,22992.261.001","26900.223.003,26900.224.010,26900.224.011,26906.099.001,26913.099.001,26915.099.001",,
22202.260.001,"MGPS-2019KH,MGPS-2019KM,Q2M-CCE","22029.261.001,22771.261.001,22911.261.001,22992.261.001","26900.223.003,26900.224.010,26900.224.011,26906.099.001,26913.099.001,26915.099.001",,
22984.281.001,"MGPS-2019KH,MGPS-2019KM,Q2M-CCE","22029.261.001,22771.261.001,22911.261.001,22992.261.001","26900.223.003,26900.224.010,26900.224.011,26906.099.001,26913.099.001,26915.099.001",,
22828.261.001,"14992.203.001,22200.261.001,MGPS-2019KH,MGPS-2019KM,Q2M-CCE","22029.261.001,22911.261.001,22992.261.001,700405,MXP-CCN50KS,MXP-DPCN50KS","26900.223.003,26900.224.010,26900.224.011",,
22992.261.001,"14992.203.001,22200.261.001,MGPS-2019KH,MGPS-2019KM,Q2M-CCE","22029.261.001,22911.261.001,22992.261.001,700405,MXP-CCN50KS,MXP-DPCN50KS","26900.223.003,26900.224.010,26900.224.011",,
Q2M-GP250M,"MGPS-2019KH,MGPS-2019KM,Q2M-CCE","22029.261.001,22771.261.001,22911.261.001,22992.261.001","26900.223.003,26900.224.010,26900.224.011,26906.099.001,26913.099.001,26915.099.001",,
Q2M-PPR1000M,"MGPS-2019KH,MGPS-2019KM,Q2M-CCE","22029.261.001,22771.261.001,22911.261.001,22992.261.001","26900.223.003,26900.224.010,26900.224.011,26906.099.001,26913.099.001,26915.099.001",,
700209,"14992.203.001,22200.261.001,MGPS-2019KH,MGPS-2019KM,Q2M-CCE","22029.261.001,22911.261.001,22992.261.001,700405,MXP-CCN50KS,MXP-DPCN50KS","26900.223.003,26900.224.010,26900.224.011",,
74391,"14992.203.001,22200.261.001,MGPS-2019KH,MGPS-2019KM,Q2M-CCE","22029.261.001,22911.261.001,22992.261.001,700405,MXP-CCN50KS,MXP-DPCN50KS","26900.223.003,26900.224.010,26900.224.011",,
SGGD188-02,,,,,
3229,,,,,
3224M,,,,,
3235,,,,,
ACC-SPG-2,,,,,
SGGD190,,,,,
SGGD296,,,,,
11075-RE,,,,,
Q2M-CA10P,,,,,Q2M-CA10P
Q2M-CAP10P,,,,,Q2M-CA10P
Q2M-MFAE,,,,,
Q2M-TA2P,,,,,
Q2M-SPE,,,,,
SGGD004,,,,,
Q2M-BL,,,,,Q2M-BL
Q2M-LB,,,,,
Q2M-TB,,,,,
SGGD421,,,,,
SGGD049,,,,,
SGGD294,,,,,
Q2M-BPYA1000M,,,"3213EMR,Q2M-FYA4000M,Q2M-SDE7090C",,Q2M-BPYA1000M
Q2M-PPFW500M,,,,,
Q2M-RWYA1000M,,"MGPS-2019KH,MGPS-2019KM,Q2M-CCE",,,Q2M-RWYA1000M
Q2M-EW1000M,,,,,Q2M-EW1000M
700507,,"26919.271.001,700097,75182,79304,Q2M-WCYA4000M","3213EMR,Q2M-SDE7090C",,"700508,79284"
79286,,,"3213EMR,Q2M-SDE7090C",,
79290,,"MGPS-2019KH,MGPS-2019KM,Q2M-CCE",,,
71490,,"700507,700508,701851,79290,Q2M-RW1000M,Q2M-RWYA1000M",,,71490
701003,,,"3213EMR,Q2M-SDE7090C",,
71180,,"700507,700508,701851,79290,Q2M-RW1000M,Q2M-RWYA1000M",,,
73575,,"700507,700508,701851,79290,Q2M-RW1000M,Q2M-RWYA1000M",,,
701062,,"700507,700508,701851,79290,Q2M-RW1000M,Q2M-RWYA1000M",,,74258
Q2M-FYA4000M,Q2M-BYA4000M,"700507,700508,701851,79290,Q2M-RW1000M,Q2M-RWYA1000M",,,Q2M-FYA4000M
Q2M-BYA4000M,,"26919.271.001,700097,75182,79304,Q2M-WCYA4000M","3213EMR,Q2M-FYA4000M,Q2M-SDE7090C",,Q2M-BYA4000M
Q2M-RW1000M,,"MGPS-2019KH,MGPS-2019KM,Q2M-CCE",,,Q2M-RWYA1000M
Q2M-TWYA500M,,,,,701422
70616,,"26919.271.001,700097,75182,79304,Q2M-WCYA4000M","3213EMR,Q2M-SDE7090C",,70616
701851,,"26919.271.001,700097,75182,79304,Q2M-WCYA4000M","3213EMR,Q2M-SDE7090C",,
75021,,"700507,700508,701851,79290,Q2M-RW1000M,Q2M-RWYA1000M",,,73575
701980,,"700507,700508,701851,79290,Q2M-RW1000M,Q2M-RWYA1000M",,,71490
70942,,"700507,700508,701851,79290,Q2M-RW1000M,Q2M-RWYA1000M",,,"73575,75021"
700387,,"700507,700508,701851,79290,Q2M-RW1000M,Q2M-RWYA1000M",,,701062
72042,,"700507,700508,701851,79290,Q2M-RW1000M,Q2M-RWYA1000M",,,73575
70640,,"700507,700508,701851,79290,Q2M-RW1000M,Q2M-RWYA1000M",,,71180
74258,,"700507,700508,701851,79290,Q2M-RW1000M,Q2M-RWYA1000M",,,701062
78784,,"700507,700508,701851,79290,Q2M-RW1000M,Q2M-RWYA1000M",,,78784
79284,,"26919.271.001,700097,75182,79304,Q2M-WCYA4000M","3213EMR,Q2M-SDE7090C",,79284
700508,,"26919.271.001,700097,75182,79304,Q2M-WCYA4000M","3213EMR,Q2M-SDE7090C",,"700507,79284"
701422,,,,,Q2M-TWYA500M
79281,,"700507,700508,701851,79290,Q2M-RW1000M,Q2M-RWYA1000M",,,79281
Q2-PLE50M,"22029.261.001,22771.261.001,79292,MGPS-2019KH,MGPS-2019KM,Q2M-CCE,Q2M-PYA4000M","701003,79286,79304,Q2M-BPYA1000M,Q2M-WCYA4000M","Q2M-CRYA250M,Q2M-PYA4000M",,"Q2-MLE100M,Q2-OLE100M"
Q2-SLE50M,,,"Q2M-CRYA250M,Q2M-PYA4000M",,Q2-SLE50M
Q2-MTEL50M,,,Q2M-PYA4000M,,
Q2-CCE200M,,,Q2M-PYA4000M,,
MXP-DPCN50KS,"22029.261.001,22771.261.001,79292,MGPS-2019KH,MGPS-2019KM,Q2M-CCE,Q2M-PYA4000M","701003,79286,79304,Q2M-BPYA1000M,Q2M-WCYA4000M",,,"MXP-CCN50KS,MXP-DPCN50KS"
MXP-CCN50KS,"22029.261.001,22771.261.001,79292,MGPS-2019KH,MGPS-2019KM,Q2M-CCE,Q2M-PYA4000M","701003,79286,79304,Q2M-BPYA1000M,Q2M-WCYA4000M",,,"MXP-CCN50KS,MXP-DPCN50KS"
700405,"22029.261.001,22771.261.001,79292,MGPS-2019KH,MGPS-2019KM,Q2M-CCE,Q2M-PYA4000M","701003,79286,79304,Q2M-BPYA1000M,Q2M-WCYA4000M",,,
Q2-RE30M,"79292,Q2M-PYA4000M",,Q2M-PYA4000M,,
Q2-TRE30M,,,Q2M-PYA4000M,,
Q2-LSE50M,,,,,
Q2-VE20M,"79292,Q2M-GP250M,Q2M-PYA4000M",,Q2M-PYA4000M,,79296
79296,"79292,Q2M-GP250M,Q2M-PYA4000M",,,,Q2-VE20M
Q2-PPFE50M,,,Q2M-PYA4000M,,
Q2-FCNA400M,,,,,79299
79299,,,,,Q2-FCNA400M
Q2-TYA500M,,,,,
Q2-AF120M,"79292,Q2M-GP250M,Q2M-PYA4000M",,Q2-VE20M,,
Q2-BS30M,,,Q2M-PYA4000M,,
Q2-PC100M,,,,,
Q2-MLE100M,"22029.261.001,22771.261.001,79292,MGPS-2019KH,MGPS-2019KM,Q2M-CCE,Q2M-PYA4000M","701003,79286,79304,Q2M-BPYA1000M,Q2M-WCYA4000M",Q2M-PYA4000M,,Q2-MLE100M
Q2M-PYA4000M,,,,,Q2M-PYA4000M
Q2-OLE100M,,,Q2M-PYA4000M,,Q2-OLE100M
Q2-PR1000M,,,,,Q2-PR1000M
MXP-HC50KS,,,,,MXP-HC50KS
MGPS-6012K,,,,,
MGPS-6016P,,,,,
MGPS-6009P,,,,,
MGPS-6045,,,,,
MGPS-6046R,,,,MGPS-6046F2R,
MGPS-6046F2R,,,MGPS-6046R,,
Q2M-CME,,"22029.261.001,22771.261.001,700405,MXP-CCN50KS,MXP-DPCN50KS",,,
MGPS-6031B-P,,,Q2M-CLR500M,,
EF0101,,,,,"EF0202,EF0303,IF0404"
EF0202,,,,,"EF0101,EF0303,EF0606"
EF0303,,,,,"EF0101,EF0606,EF1212"
IF0404,,,,,"EF0101,IF0909,IF1111"
EF0606,,,,,"EF0202,EF0303,EF1212"
EF0808,,,,,"EF0101,EF0202,IF0909"
IF0909,,,,,"EF0101,IF0404,IF1111"
IF1111,,,,,"EF0101,IF0404,IF0909"
EF1212,,,,,"EF0101,EF0303,EF0606"
EF1313,,,,,"EF0101,EF1212,IF0909"
IF1414,,,,,"IF0404,IF0909,IF1111"
EF1616,,,,,"EF0606,EF1212,EF1818"
EF1717,,,,,"EF0202,EF0808,IF0909"
EF1818,,,,,"EF0606,EF1212,EF1616"
EF1919,,,,,"EF0606,EF1212,EF1818"
EF0220,,,,,"IF0404,IF1111,IF2939"
IF2939,,,,,"EF0220,IF0404,IF1111"
IF3243,,,,,"IF0404,IF0909,IF1111"
EF3963,,,,,"EF0101,EF1212,EF4064"
EF4064,,,,,"EF0202,EF0606,EF1818"
EF1754,,,,,"EF0202,EF0808,EF1717"
EF1655,,,,,"EF0101,EF1313,IF0909"
IF0453,,,,,"EF0101,EF1655,IF0909"
SJ0402,,,,,"ED0202,EF0202,LO2602"
LO2602,,,,,"EF0202,LO2601,SJ0402"
LO2601,,,,,"ED0101,EF0101,LE3801"
LE3739,,,,,"IF1111,LE3620,LE3801"
LE3801,,,,,"EF0101,LE3620,LE3739"
LE3620,,,,,"IF2939,LE3739,LE3801"
ED0101,,,,,"ED0202,ED0303,EF0101"
ED0202,,,,,"ED0101,ED0303,EF0202"
ED0303,,,,,"ED0101,ED0202,EF0303"
ID0404,,,,,"ED0101,ED0606,IF0404"
ED0606,,,,,"ED0101,EF0606,ID0404"
ID0909,,,,,"ED0101,ID0404,IF0909"
IY1401,,,,,"ED0101,EF0101,EY0202"
EY0202,,,,,"ED0202,EF0202,IY1401"
EY1213,,,,,"EF1313,EY2409,IY1401"
EY3311,,,,,"EF0220,IF2939,IY2939"
IY2939,,,,,"EP3539,EY3311,IY1401"
EY2409,,,,,"EY1213,EY3311,IY1401"
EP0101,,,,,"ED0101,EP0309,EP2754"
EP0309,,,,,"EP0101,EP2455,EP2754"
EP2754,,,,,"EF0808,EP0101,EP0309"
EP2455,,,,,"EP0101,EP0309,EP3539"
EP3539,,,,,"EP0101,EP2455,IY2939"
78156,,,,,"76385,76386,78157"
76385,,,,,"76384,76386,78156"
76386,,,,,"76384,76385,78156"
78157,,,,,"76385,78156,78158"
76384,,,,,"76385,78156,78158"
78158,,,,,"76384,76385,78156"
75229,,,,,"75228,78761"
78761,,,,,"75228,75229"
75228,,,,,"75229,78761"
PS0101,,,,,"EF0101,PS0313,PS2002"
PS2002,,,,,"EF0202,PS0101,PS0313"
PS0313,,,,,"EF1313,PS0101,PS2002"
PS0404,,,,,"IF0404,PS0101,PS0606"
PS0606,,,,,"EF0606,PS0101,PS0404"
PS0707,,,,,"75228,PS0101,PS0821"
PS0821,,,,,"PS0101,PS0707,PS0931"
PS0931,,,,,"76385,PS0101,PS0821"
76762,,,,,"75228,75229,78761"
SC2201,,,,,"SC0223,SC0922,SC2304"
SC0223,,,,,"SC0922,SC2201,SC2304"
SC2304,,,,,"PS0404,SC0922,SC2201"
SC0922,,,,,"SC0223,SC2201,SC2304"
SC2424,,,,,"SC0922,SC2201,SC2508"
SC2508,,,,,"JS1057,SC2201,SC2424"
SC1515,,,"SC2201,SC2508",,
JS1057,,,SC2508,,
JS0458,,,,,"JS0161,JS0859,JS1057"
JS0859,,,,,"JS0458,JS0962,JS1057"
JS1360,,,,,"JS0161,JS0458,JS0859"
JS0161,,,SC2201,,"JS0458,JS0962,JS1360"
JS0962,,,,,"JS0458,JS0859,JS1057"
76389,,,,,"78608,78610,78615"
78608,,,,,"76389,78610,78615"
78610,,,,,"76389,78608,78615"
78615,,,,,"76389,78608,78610"
EF1515,,,,,"ED1515,SC1515"
ED1515,,,,,"EF1515,SC1515"
Q2M-OR500M,,,,,"74436,79415"
79415,,,,,"74436,Q2M-OR500M"
74436,,,,,"79415,Q2M-OR500M"
701610,,,,,"74436,79415,Q2M-OR500M"
TF1138,,,,,"TF0137,TF2136"
TF0137,,,,,"TF1138,TF2136"
TF2136,,,,,"TF0137,TF1138"
76283,,,78156,,76280
76280,,,76385,,76283
Q2M-ORP4P,,,Q2M-OR500M,,"EF1515,SC1515"
Q2M-GPYA1000M,,,,,Q2M-GPYA1000M
700662,,,,,700662
700466,,,,,
71176,,,,,
JC0101,,,,,
74955,,,,,701606
701606,,,,,701606
06008.056.001,,,SGGA081,,
12001.056.001,,12002.056.001,SGGA081,,
07001.056.001,,,SGGA081,,
07945.056.001,,,SGGA081,,
07163.056.001,,,SGGA081,,
12002.056.001,12001.056.001,,SGGA081,,
07008.056.001,,,SGGA081,,
07006.056.001,,,SGGA081,,
07201.056.001,,,SGGA081,,
07984.056.001,,,SGGA081,,
07933.056.001,,,SGGA081,,
70933,,,,,
Q2M-FCNA1000M,,,,,
Q2M-PRYA250M,,,,,
Q2M-TRC500M,,,,,
73378,,,,,70723
77075,,,,,77080
77080,,,,,77075
70901,,,,,
74598,,,,,70894
Q2M-PM500M,,,Q2M-IDYA4000M,,
701285,,,,,
79771,,,,,79771
79818,,,,,79818
77019,,,,,
Q2M-APYA4000M,,,,,Q2M-APYA4000M
Q2M-IDYA4000M,,,,,Q2M-IDYA4000M
Q2M-DT10P,,,,,
70894,,,,,74598
75132,,,,,
75277,,,,,
71110,,,,,
70723,,,,,70723
75404,,,,,75404
71676,,,,,70723
701010,,,,,701010
77192,,,,,75132
79298,,,,,74598
Q2-LCR500M,,,,,Q2-LCR500M
Q2M-LCSYA1000M,,700468,,,Q2M-LCSYA1000M
700468,"71132,Q2M-LCN1000M",,,,
71132,,700468,,,
Q2M-LSSYA200M,,,,,Q2M-LSN200M
Q2M-LCN1000M,,700468,,,Q2M-LCN1000M
Q2M-LSN200M,,,,,Q2M-LSSYA200M
75130,,,,,
75131,,,,,
24011.261.080,,"26919.271.001,700097,700405,75182,MXP-CCN50KS,MXP-DPCN50KS","26900.223.003,26900.224.010,26900.224.011",,
75112,,,,,
701283,,,,,
MT14850M,,,,,MT14850M
HPG11850M,,,,,
TT01T10M,,,,,
Q2M-MT6X18M,,,,,
Q2M-SDE7090C,,,Q2M-BYA4000M,,"3213EMR,Q2M-SDE7090C"
3213EMR,,,,,"Q2M-SDE7090C,Q2M-SODE6080C"
Q2M-SODE6080C,,,Q2M-BYA4000M,,"3213EMR,Q2M-SDE7090C"
3215D,,,,,"Q2M-PWE4040C,Q2M-SWE4040C"
Q2M-SWE4040C,,,,,"3215D,Q2M-PWE4040C"
Q2M-PWE4040C,,,,,"3215D,Q2M-SWE4040C"
Q2M-BWE4040,,,,,Q2M-PWE4040C
3217HS-5G,,,,,"3217HS-5W,KLIN-3113AG"
Q2M-STE,,,Q2M-BYA4000M,,"3221A-RD,3227I-HD"
3221A-RD,,,,,"3227I-HD,Q2M-STE"
3227I-HD,,,,,"3221A-RD,Q2M-STE"
Q2M-WME,,,Q2M-IWCR4000M,,
Q2M-GWE4040,,,,,"3218,3218-1"
3218,,,,,"3218-1,Q2M-GWE4040"
Q2M-IWE40402P,,,,,
Q2M-LWE40402P,,,,,
Q2M-SEP1010C,,,,,
KLIN-3113AG,,,,,"3217HS-5G,3217HS-5W"
Q2M-IPE4P,,,,,Q2M-GPE2P
Q2M-GPE2P,,,,,Q2M-IPE4P
Q2M-WP,,,,,Q2M-STE
3215ZB,,,,,"3215D,Q2M-PWE4040C"
3217HS-5W,,,,,"3217HS-5G,KLIN-3113AG"
3218-1,,,,,"3218,Q2M-GWE4040"
Q2M-WD4060C,,,,,"Q2M-GWE4040,Q2M-WD4060C"
3225A-BL,,,,,"3221A-RD,Q2M-WP"
3227B,,,,,"3227I-HD,Q2M-STE"
3228R,,,,,"3225A-BL,3227B"
70919,,,,,
3219,,,,,
3236NBR2,,,,,
26900.224.010,,"26900.224.011,26900.224.012",22200.261.001,26935.099.001,GRY180F-C
26900.224.011,26900.224.012,26900.224.010,"22200.261.001,22828.261.001",26935.099.001,RE180F-C
26900.224.012,,"26900.224.010,26900.224.011",22992.261.001,26935.099.001,GPRO180F-C
26907.099.001,,"26908.099.001,26909.099.001",22203.261.001,26931.099.001,"BUR060,GRY6555"
26908.099.001,26909.099.001,26907.099.001,"22200.261.001,22828.261.001",26931.099.001,GPRO060
26909.099.001,,"26907.099.001,26908.099.001",22992.261.001,26931.099.001,GPRO060
26900.223.003,,"26900.224.010,26900.224.011",22992.261.001,26935.099.001,GPRO200F
26906.099.001,,,22200.261.001,,26915.099.001
26915.099.001,,,22200.261.001,,"26915.099.001,KP160-22L"
26913.099.001,,,22203.261.001,26931.099.001,GRY6555
PU150F-C,,"GPRO180F-C,GRY180F-C,RE180F-C",22992.261.001,,PU140F-C
KP160-22L,,,"22200.261.001,22203.261.001",,"26906.099.001,KP160-22KL"
NPMW6555,,,22828.261.001,,GRY6555
GE180F-C,,"GPRO180F-C,GRY180F-C,RE180F-C",,,GE180F-C
GRY180F-C,"GE180F-C,GPRO180F-C,RE180F-C",,"22200.261.001,22203.261.001",,GRY180F-C
RE180F-C,"GE180F-C,GPRO180F-C",GRY180F-C,"22828.261.001,22992.261.001",,RE180F-C
PU140F-C,,"GPRO180F-C,GRY180F-C,RE180F-C",22992.261.001,,PU150F-C
GPRO180F-C,GE180F-C,"GRY180F-C,RE180F-C",22992.261.001,,GPRO180F-C
DOR150F-C,,,22992.261.001,,DOR160F
DOR160F,,,22992.261.001,,DOR150F-C
VPRO160F,"GPRO200F,GRY200F,RE200F",,,,GRY200F
GRY200F,"GPRO200F,RE200F",,"22200.261.001,22203.261.001",,GRY200F
RE200F,GPRO200F,GRY200F,"22828.261.001,22992.261.001",,RE200F
GPRO200F,,"GRY200F,RE200F",22992.261.001,,GPRO200F
SVPRO160F,,"GPRO200F,GRY200F,RE200F",,,GE180F-C
GRY6555,GPRO060,,22200.261.001,,"26913.099.001,BUR060"
BUR060,GPRO060,,22200.261.001,,GRY6555
GPRO060,,"BUR060,GRY6555",22992.261.001,,GPRO180F-C
SGGA081,,,Q2M-GP250M,,
KP160-22KL,,,"22200.261.001,22203.261.001",,"26906.099.001,KP160-22L"
Q2M-PPFSL4000M,,,,,Q2M-PPFSL4000M
PPF-L500M,,,Q2M-PPFSL4000M,,
SGPM006,,,,,"SGPM001,SGPM004"
SGPM001,,,,,"SGPM004,SGPM006"
SGPM002,,,,,SGPM003
SGPM003,,,,,SGPM002
SGPM004,,,,,"SGPM001,SGPM006"
SGPM005,,,,,SGPM001
SGPM007,,,,SGPM008,SGPM004
SGPM009,,,,,
SGPM008,,,SGPM007,,
Q2M-PPFIK,,,"PPF-L500M,Q2M-PPFSL4000M",,SGPM013
SGPM013,,,,,Q2M-PPFIK
SGPM014,,,,,SGPM013
Q2M-ES98M,"Q2M-BPYA1000M,Q2M-BYA4000M,Q2M-WCYA4000M",,,,Q2M-WCS98M
Q2M-WCS98M,,,,,Q2M-ES98M
79292,,,,,Q2M-PYA4000M
76008,,,,,Q2M-BGYA1000M
79291,,,,,Q2M-IR4000M
Q2M-CLR500M,,,Q2M-CCE,,
Q2M-IR4000M,,,,,Q2M-IR4000M
Q2M-IWCR4000M,,,,,Q2M-IWCR4000M
Q2M-CCE,,"22029.261.001,22771.261.001,700405,MXP-CCN50KS,MXP-DPCN50KS",Q2M-CLR500M,,"MGPS-2019KH,MGPS-2019KM"
700210,,,,,700210
70864,,,,,76006
76006,,,,,70864
MGPS-2019KM,,"22029.261.001,22771.261.001,700405,MXP-CCN50KS,MXP-DPCN50KS",Q2M-CLR500M,,"MGPS-2019KH,Q2M-CCE"
MGPS-2019KH,,"22029.261.001,22771.261.001,700405,MXP-CCN50KS,MXP-DPCN50KS",Q2M-CLR500M,,"MGPS-2019KM,Q2M-CCE"
Q2M-TR4000M,,,,,Q2M-TR4000M
Q2M-BGYA1000M,,,,,"76008,Q2M-BGYA1000M"
79293,,,,,Q2M-TR4000M
Q2M-WSYA1000M,,,,,"701350,Q2M-WSYA1000M"
701350,,,,,"701350,Q2M-WSYA1000M"
700888,,,,,
79304,,"700507,700508,701851","3213EMR,700096,79301,Q2M-SDE7090C",,Q2M-WCYA4000M
Q2M-QDYA1000M,,,,,"Q2M-CDYA1000M,Q2M-QDYA1000M"
79301,,,"700096,79304",,Q2M-QDYA1000M
Q2M-CRYA250M,,,,,Q2M-CDYA1000M
Q2M-CMR500M,,,,,
Q2M-PPFMR500M,,,,,
26919.271.001,,,,,22070.261.001
700097,,,"79301,79304",,700097
22070.261.001,,,,,22870.261.001
22870.261.001,,,,,22070.261.001
Q2-W175G,,,,,
74062,,,,,"70545,71331"
71331,,,,,"70545,74062"
70545,,,,,"71331,74062"
75016,,,,,79301
Q2M-WCYA4000M,,"700507,700508,701851","3213EMR,Q2M-SDE7090C",,Q2M-WCYA4000M
78779,,,,,"71331,74062"
Q2-QV120M,"79292,Q2M-GP250M,Q2M-PYA4000M",,,,
Q2M-CDYA1000M,,,,,Q2M-CDYA1000M
Q2M-TOTR1000M,,,,,Q2M-TOTR1000M
75182,,,,,75182
74059,,,,,75182
700096,,,"79301,79304",,"700096,700097"
373680,,,487988,487988,"406813,SGGF179"
406813,,,487988,487988,"373680,SGGF179"
533019,,,492361,"417882,445894,492361","373680,406813"
SGGF179,,,SGGD166,SGGD166,"373680,406813"
418072,,,"22828.261.001,487988",487988,"418080,533020"
533020,,,492361,"417882,445894,492361","418072,418080"
447129,,,22828.261.001,,SGGF179
418080,,"373680,406813","22828.261.001,487988,492361","487988,492361","533021,SGGF181"
533021,,"533019,533020","22828.261.001,492361","417882,445894,492361","418080,SGGF181"
SGGF181,,SGGF179,"22828.261.001,SGGD166",SGGD166,"418080,533021"
418102,,,,,SGGF273
513547,,,,,418102
SGGF273,,,,,418102
447706,,,,,530632
530632,,,,,447706
516112,,,418102,,
513547-01,,,,,513547
SGGC055,,,,,
532579,,,,,
SGGC086,,,,,SGGS003
530537,,,,"417882,445894",SGGC086
SGGS003,,,,,"SGGC086,SGGS003"
GPRO6555,,,418102,,"GPRO060,GPRO6555"
336807,,,,,399647
399647,,,,,336807
81676800,,,,,81771871
81771871,,,,,81676800
81771874,,,,,82671874
82671874,,,,,81771874
487988,,,"700662,701350,SGGD402",,487988
492361,,,,,492361
SGGD166,,,SGPM002,,
SGGF181-57,,,,,SGGD053
SGGD053,,,,,"26935.099.001,SGGD053"
26935.099.001,,,,,"26931.099.001,SGGD053"
26931.099.001,,,,,"26935.099.001,SGGD053"
26934.099.001,,,,,26931.099.001
SGYC010,,,,,SGYC011
SGYC011,,,,,SGYC010
83371816,,,,83371602,
83371602,,,83371816,,
82671836,,,,,83371836
83371836,,,,,82671836
82671872,,,,,
79643,,,,,"79258,8447"
8447,,,,,"79258,8410"
79258,,,,,"79643,8447"
8410,,,,,"79258,8447"
445894,,,417882,,
417882,,,445894,,
458813,,,"700662,701350",,
81678,,,,,82676
81776,,,,,82676
82676,,,,,81678
81675,,,,,84177
84177,,,,,84173
84173,,,,,84177
81774,,,,,
84174,,,,,81774
81777,,,,,81675
83371,,,,,
18802,,,,,"18810,81675"
18810,,,,,"18802,81777"
26005,,,,,"81774,84174"
20450,,,,,81675
21746,,,,,82676
123456,,,,,
79587-643,,,,,79588-643
79588-643,,,,,79587-643
700743,,,,,"18810,82676"
Q2M-P-DB300M,,,,,
81686,,,,,82676
84170,,,,,"84173,84177"
82672,,,,,82679
82679,,,,,"82672,83371"
81781,,,,,
81773,,,,,
SGGD135,,,,,SGGC091
81671901,,,"81675,82672,82676",,
SGGC091,,,,,SGGD135
79587-644,,,,,"79586-644,79587-643,79588-644"
79588-644,,,,,"79586-644,79587-644,79588-643"
79586-644,,,,,"79587-644,79588-644"
79586-643,,,,,"79587-643,79588-643"
18848,,,,,21746
24952,,,,,
20444,,,,,"20417,20450"
20417,,,,,"20444,20450"
20009,,,,,"19956,19976"
19976,,,,,"19956,20009"
19956,,,,,"19976,20009"
20102,,,,,"19956,19976,20009"
19771,,,,,"20009,20102"
23822,,,,,"23822,23841"
23841,,,,,23822
12922,,,,,"12918,13724"
12918,,,,,"12922,13724"
13724,,,,,"12918,12922"
P0140AK1#26263,,,,,"12918,12922,13724"
SGGD416,,,,,SGGD415
SGGD415,,,,,SGGD416
530882,,,,,530883
530883,,,,,530882
502561,,,,,SGGD175
SGGD175,,,,,502561
SGGD291,,,,,
SGGD025,,,,,
SGGD285,,,,,
SGGD289,,,,,
Q2M-SCOV,,,Q2M-SWCOV,,
Q2M-SWCOV,,,Q2M-SCOV,,
79472,,,,,
Q2M-KM,,,,,
KLIN-3251BL,,,,,
SGGD233,,,,,
481491,,,,,"405418,532024"
532024,,,,,"405418,481491"
405418,,,,,"481491,532024"
530375,,,"417882,445894",,
463302,,,,,"486728,530375"
486728,,,"417882,445894",,"463302,530375"
SGGD402,,,,,
70868,,,,,70868
71706,,,,,
75138,,,,,701908
75140,,,,,71706
701908,,,,,75138
Q2M-TEYA1000M,,Q2M-TCYA1000M,,,Q2M-TEYA1000M
Q2M-TCYA1000M,Q2M-TEYA1000M,,,,Q2M-TCYA1000M
26942.099.001,,,,,
26900.223.011,26900.223.012,26900.223.010,,,
26900.223.012,,"26900.223.010,26900.223.011",,,
26900.223.010,,"26900.223.011,26900.223.012",22828.261.001,,
24017.261.080,,,,,
